idx	X	Y	component
0	1000	10818.84857135942	0
1	38094.37598911116	10323.5596861572	0
2	38094.36968312735	10323.58797452072	0
3	38094.38595050138	10323.52372336647	0
4	38094.38051163182	10323.55392507849	0
5	38094.19785181674	10323.80084620559	0
6	38094.19675402783	10323.80238913872	0
7	41503.32521132094	11772.56362839809	0
8	41503.3252873238	11772.56367868394	0
9	41503.40864760905	11772.6018897063	0
10	41503.40886206735	11772.60183385052	0
11	43279.3109266419	11926.4780509031	0
12	43279.30616477712	11926.48350194129	0
13	43279.40165324063	11926.37453497645	0
14	43279.40633748551	11926.36929922903	0
15	44471.63669038352	11457.48287695387	0
16	44471.63672944191	11457.48285859114	0
17	44471.427979604	11457.5690521932	0
18	44471.42824830251	11457.5690122277	0
19	49695.41231548844	10438.22588860445	0
20	49695.4123203267	10438.22588781722	0
21	49695.52460174735	10437.97774174525	0
22	49695.52460685347	10437.97774174995	0
23	82830.00043442851	10544.89140167085	0
24	82830.00067096544	10544.89138538432	0
25	82830.05317326813	10544.93320050382	0
26	82830.05472827921	10544.93498274141	0
27	85030.0199458295	11627.3522450612	0
28	85030.01856471831	11627.35008994371	0
29	85030.11387232479	11627.49005556121	0
30	85030.04084265637	11627.38304592834	0
31	94522.66154066651	11143.48052439929	0
32	94522.66158530136	11143.48052447307	0
33	94522.67341391213	11143.51808616617	0
34	94522.66793921514	11143.49360516235	0
35	109928.8420788514	11280.75000365336	0
36	109928.8140154678	11280.72581270657	0
37	109928.8561140508	11280.76209838403	0
38	109928.8560972598	11280.76209865297	0
39	116125.9119813063	11233.18502532386	0
40	116125.9119813073	11233.18502532389	0
41	116125.7950597455	11233.26258775217	0
42	116125.7949569056	11233.26258777459	0
43	150346.7919203855	11497.27317206932	0
44	150346.8274108587	11497.28437894663	0
45	150346.746638878	11497.25892731668	0
46	150346.7894305909	11497.27239239899	0
47	157580.5259314361	10545.55809324256	0
48	157580.5259547788	10545.55808982322	0
49	157580.2239169702	10545.54897650265	0
50	157580.2239447656	10545.54897209603	0
51	187194.8136888064	11188.80372577168	0
52	187194.8114803634	11188.80386611778	0
53	187194.6427565462	11188.81440079063	0
54	187194.6405454681	11188.81454161872	0
55	238332.0751377555	11360.87271456256	0
56	238332.0750846251	11360.87270335933	0
57	238332.0944185981	11361.14182957424	0
58	238332.0946973192	11361.14581059631	0
59	238817.447026984	11623.94810936002	0
60	238817.447026983	11623.94810935983	0
61	238817.5746733869	11623.9737844282	0
62	238817.5737886385	11623.97358199464	0
63	245124.4123074138	10729.27900212915	0
64	245124.3936218677	10729.28763166969	0
65	245124.4284668493	10729.27147680766	0
66	245124.4123451711	10729.27901057248	0
67	264289.8589440285	11627.78909576014	0
68	264289.6901806759	11627.9311501479	0
69	264289.9578370842	11627.70489827531	0
70	264289.9542039649	11627.70841640477	0
71	264292.8913203246	11620.78784911568	0
72	264292.8912989089	11620.78790798856	0
73	264292.9313089201	11620.59155126985	0
74	264292.9113903063	11620.6894851448	0
75	274024.586826478	10085.11154619994	0
76	274024.5905250839	10085.1085955961	0
77	274024.6991353213	10085.01882086604	0
78	274024.7068974155	10085.01286803659	0
79	294025.4090868754	11367.76955410363	0
80	294025.3783551964	11367.76875730816	0
81	294025.4346812695	11367.77015602876	0
82	294025.4117908742	11367.76962064288	0
83	301820.1419983501	11289.73105313567	0
84	301820.1305910596	11289.64811857492	0
85	301820.1441886799	11289.74555840652	0
86	301820.1437380798	11289.74290159328	0
87	316624.0298777752	10647.65351484161	0
88	316624.0437153043	10647.66470444938	0
89	316623.9208248436	10647.56258248525	0
90	316624.0298968321	10647.65351413287	0
91	326155.3240274347	12252.68609892147	0
92	326155.3240853339	12252.6860874587	0
93	326155.458862588	12252.7605890747	0
94	326155.4588747851	12252.76058997104	0
95	344639.5803034899	10501.14753383841	0
96	344639.4996583686	10501.14478522544	0
97	344639.6213828865	10501.14893753853	0
98	344639.6263107191	10501.14909931777	0
99	420235.0920930612	13525.84852518122	0
100	420235.0920806463	13525.84853777384	0
101	420236.0613903936	13525.55567617826	0
102	420235.0921127804	13525.84873195686	0
103	420236.0617521066	13525.55565305875	0
104	420236.0614315529	13525.55565759746	0
105	420387.3925859454	13478.05999494046	0
106	420387.3935912435	13478.05967880674	0
107	420388.2996670369	13477.6152451511	0
108	420387.3925408545	13478.06001624605	0
109	420388.2997141014	13477.61524373665	0
110	420388.299685619	13477.61524069219	0
111	420392.6193998971	13474.96817323979	0
112	420392.6196443336	13474.96813999564	0
113	420393.4183999953	13474.35497849409	0
114	420392.6194751858	13474.96819057725	0
115	420393.4189973447	13474.35452019301	0
116	420393.418988345	13474.35444756685	0
117	420397.0611963914	13470.84662728283	0
118	420397.0612200433	13470.84669122886	0
119	420397.9593734814	13470.38219686381	0
120	420397.0611963922	13470.84662728222	0
121	420397.9598572277	13470.38204407757	0
122	420397.9596312174	13470.38210564872	0
123	420458.8267107537	13448.10211953148	0
124	420458.8265492958	13448.10232312126	0
125	420459.6153540893	13447.46454082151	0
126	420458.8265478681	13448.1022553388	0
127	420459.6155827332	13447.46452104028	0
128	420459.6153602861	13447.46448770578	0
129	420461.003122729	13445.97944754577	0
130	420461.003185376	13445.97942144559	0
131	420461.6248102128	13445.18342668608	0
132	420461.0019878146	13445.97937451965	0
133	420461.6249912019	13445.18321251783	0
134	420461.6247945417	13445.18343226584	0
135	420500.96762612	13418.16576487378	0
136	420500.967572413	13418.16582353746	0
137	420501.863469422	13417.70426325296	0
138	420500.9676309881	13418.16576489096	0
139	420501.8629107695	13417.70456215367	0
140	420501.8629378748	13417.70458167471	0
141	420576.2227970355	13384.97257246107	0
142	420576.2225573267	13384.97309432694	0
143	420576.9265676703	13384.23639785487	0
144	420576.223917497	13384.97222204084	0
145	420576.9277316808	13384.23583308835	0
146	420576.9267344731	13384.23643552153	0
147	420578.5313266241	13382.97796675035	0
148	420578.5313686787	13382.97799696283	0
149	420579.3558990745	13382.37913917428	0
150	420578.534150808	13382.97867457273	0
151	420579.356374596	13382.37914882221	0
152	420579.3558499152	13382.37910406486	0
153	420733.0622171975	13292.27330046522	0
154	420733.0621976296	13292.27332360475	0
155	420733.8910008633	13291.68607427231	0
156	420733.0623992743	13292.2732511571	0
157	420733.8915517348	13291.685860267	0
158	420733.8916288828	13291.6859362726	0
159	420753.0122526916	13266.47516003235	0
160	420753.012050148	13266.47583152699	0
161	420754.6116145691	13265.20794715068	0
162	420753.0122526925	13266.47516003207	0
163	420754.611628541	13265.20787896659	0
164	420754.6116544413	13265.20786303429	0
165	420756.0962846379	13263.81608374608	0
166	420756.0963669172	13263.81602759278	0
167	420756.7799395753	13263.0722770636	0
168	420756.0962986817	13263.81591826787	0
169	420756.7801727499	13263.07202806756	0
170	420756.7803695888	13263.07202692022	0
171	420760.4800746542	13259.60130129719	0
172	420760.4800393122	13259.60133528285	0
173	420761.011753107	13258.74147908881	0
174	420760.4800199835	13259.60104680482	0
175	420761.0141712794	13258.73995393408	0
176	420761.0141827214	13258.73994527338	0
177	420813.9407247053	13209.70847525265	0
178	420813.9408576267	13209.70844112454	0
179	420814.9143132038	13209.42136714845	0
180	420813.9408293809	13209.70844930185	0
181	420814.9140963346	13209.42149968121	0
182	420814.9140963355	13209.42149968093	0
183	420922.3868359994	13080.60439195686	0
184	420922.3868201969	13080.60443156572	0
185	420922.8417632244	13079.70232936605	0
186	420922.3868389012	13080.60437711764	0
187	420922.8416473243	13079.70239410965	0
188	420922.841734266	13079.70238463727	0
189	420937.5592114376	13051.6113785578	0
190	420937.5597053534	13051.61141013715	0
191	420937.4267633876	13050.59994931455	0
192	420937.5590901122	13051.61152460197	0
193	420937.4270443932	13050.6007427694	0
194	420937.4268872645	13050.59968260448	0
195	420956.2001139999	13013.12729481066	0
196	420956.1996038637	13013.12707695158	0
197	420956.6366913905	13012.2104391172	0
198	420956.2002103886	13013.12721618904	0
199	420956.6467891543	13012.21194723081	0
200	420956.6467243198	13012.21205661801	0
201	421370.4628862951	12684.03035039199	0
202	421370.4627579863	12684.03111190189	0
203	421372.227187852	12683.00949496353	0
204	421370.462886296	12684.03035039246	0
205	421372.2271644981	12683.0092716379	0
206	421372.2271974604	12683.00948691775	0
207	421372.8671775796	12682.20077319542	0
208	421372.8675518155	12682.20142415507	0
209	421373.6734021474	12681.67453632213	0
210	421372.8673642603	12682.20056761469	0
211	421373.5713000702	12681.47332547537	0
212	421373.5708980261	12681.47282468137	0
213	421486.3808486536	12492.97413556899	0
214	421486.3709838631	12492.99026650285	0
215	421487.09576742	12493.62994991466	0
216	421486.3808796898	12492.97420850247	0
217	421487.1031081512	12493.62454896717	0
218	421487.1035733622	12493.62430975115	0
219	421525.8677887587	12450.23310611485	0
220	421525.7377010386	12450.48390053857	0
221	421527.2032542459	12447.5081826062	0
222	421525.869462357	12450.2304297442	0
223	421527.1743674198	12447.56594339829	0
224	421527.1684530805	12447.57734867567	0
225	421575.5383517379	12407.19975957849	0
226	421575.5381458882	12407.19994152679	0
227	421575.4306230895	12406.19850646546	0
228	421575.6719495718	12407.08247171648	0
229	421575.4311780952	12406.19775911407	0
230	421575.4304764674	12406.19838991203	0
231	421667.3884842279	12307.40405183261	0
232	421667.3892502011	12307.40367893115	0
233	421667.8869792648	12306.5193952892	0
234	421667.3884161637	12307.40410965333	0
235	421667.8869609168	12306.51954078596	0
236	421667.8870021512	12306.51949388432	0
237	421673.1206861591	12297.82096571532	0
238	421673.1210233909	12297.82097300722	0
239	421673.5758661501	12296.90820938215	0
240	421673.1209455669	12297.82123813162	0
241	421673.5774686401	12296.90742189159	0
242	421673.5757053222	12296.90851493796	0
243	421701.446981643	12264.56909836622	0
244	421701.4470718713	12264.56900547079	0
245	421702.1179259295	12263.81941296527	0
246	421701.4467337943	12264.56956079942	0
247	421702.1181176105	12263.81961275185	0
248	421702.1179655335	12263.81928830986	0
249	421723.4730352248	12236.72819102857	0
250	421723.4731519651	12236.72804102871	0
251	421724.1581473813	12235.98614574801	0
252	421723.4731318487	12236.72813433925	0
253	421724.1581264237	12235.98606300427	0
254	421724.1580905141	12235.98612543943	0
255	421829.8811013983	12049.45398475248	0
256	421829.8810573445	12049.45405444633	0
257	421830.4897745064	12048.6376491562	0
258	421829.8799474261	12049.45434083611	0
259	421830.4895509945	12048.63762221928	0
260	421830.4896907033	12048.63774016163	0
261	421859.7770311729	12015.68780765827	0
262	421859.7767898619	12015.687635367	0
263	421860.671740425	12015.19615237049	0
264	421859.7770635941	12015.68778337672	0
265	421860.6736247632	12015.19552281797	0
266	421860.671739044	12015.19614999337	0
267	421862.0426367963	12013.67246779678	0
268	421862.0433893706	12013.67194797339	0
269	421862.6869514451	12012.88419648125	0
270	421862.042718125	12013.67235036972	0
271	421862.6849792231	12012.8832337616	0
272	421862.6870485699	12012.88413793947	0
273	421863.3259662741	12012.08140448598	0
274	421863.3239754796	12012.08104685186	0
275	421864.0866105034	12011.40153311002	0
276	421863.3260080275	12012.08133499208	0
277	421864.0965240842	12011.40998801711	0
278	421864.0967807166	12011.40985758017	0
279	422083.7304988352	11886.72374860754	0
280	422083.7304740617	11886.72377803478	0
281	422084.4681452656	11886.02070550688	0
282	422083.730278991	11886.72388406617	0
283	422084.4678659237	11886.02061350855	0
284	422084.4685028431	11886.02035800375	0
285	422086.1464357105	11884.84074112076	0
286	422086.1465687199	11884.84054266872	0
287	422087.095360116	11884.44418830304	0
288	422086.1466114554	11884.8406211197	0
289	422087.0952663632	11884.44428893058	0
290	422087.0950926414	11884.44433035099	0
291	422113.9298994775	11865.82357693902	0
292	422113.9299305256	11865.82355154995	0
293	422114.8452481916	11865.36970786528	0
294	422113.9309714845	11865.82329735074	0
295	422114.8451213437	11865.36995108382	0
296	422114.8448156535	11865.37016807308	0
297	422126.6421676913	11857.31839283914	0
298	422126.6420978154	11857.31850939572	0
299	422127.4187311245	11856.66464205035	0
300	422126.6422437414	11857.31829781539	0
301	422127.4182625961	11856.66448170865	0
302	422127.4185041382	11856.66427713748	0
303	422146.9243090611	11838.84344832986	0
304	422146.9236483525	11838.84378461244	0
305	422147.6155170301	11838.10218194343	0
306	422146.9243329333	11838.8434333719	0
307	422147.638504239	11838.1232667015	0
308	422147.6161087005	11838.10134050553	0
309	422148.3358662815	11837.38557285366	0
310	422147.6382524081	11838.12327746644	0
311	422148.3357953271	11837.38590435892	0
312	422148.3359799433	11837.38547425561	0
313	422212.3276052744	11782.63594779733	0
314	422212.3272691941	11782.63598773186	0
315	422213.1613770141	11782.05688029758	0
316	422212.3276705685	11782.63592635187	0
317	422213.1616997976	11782.05677766441	0
318	422213.1616865132	11782.05678671683	0
319	422273.2379260754	11733.78262321495	0
320	422273.23655415	11733.78428716769	0
321	422273.4607101315	11732.78725766887	0
322	422273.2379428863	11733.78265268491	0
323	422273.4607785915	11732.78721424644	0
324	422273.4608550727	11732.78715189105	0
325	422288.1931236394	11710.89014822644	0
326	422288.1907815321	11710.89016739481	0
327	422288.8201835768	11710.10354623582	0
328	422288.1930426083	11710.89022788351	0
329	422288.8206944402	11710.1033915749	0
330	422288.8207918009	11710.10342048798	0
331	422323.9840510634	11673.75828351528	0
332	422323.9840619994	11673.75826409568	0
333	422324.6521856172	11672.98345090764	0
334	422323.9841377434	11673.75804786215	0
335	422324.6524109085	11672.98343507756	0
336	422324.6524754894	11672.98339470248	0
337	422325.6163333525	11671.19620961696	0
338	422325.6160729361	11671.19649098832	0
339	422326.0273189407	11670.27330709183	0
340	422325.6178362854	11671.19569607739	0
341	422326.0272088565	11670.27338965389	0
342	422326.0272455939	11670.27335845039	0
343	422349.7397883651	11636.09717114436	0
344	422349.7399741648	11636.09712355656	0
345	422350.1680878216	11635.18429462533	0
346	422349.7399872512	11636.09707637731	0
347	422350.1662328408	11635.18385886383	0
348	422350.1664943316	11635.18379053853	0
349	422399.0089506622	11602.13931222872	0
350	422399.0089690067	11602.13930593899	0
351	422399.8191562307	11601.54885472322	0
352	422399.0087825279	11602.13918941042	0
353	422399.8193514595	11601.54835986953	0
354	422399.8195780054	11601.5483129745	0
355	422501.5440519442	11512.67205814851	0
356	422501.5450655429	11512.67195333037	0
357	422502.1074734579	11511.82460385211	0
358	422501.5442621737	11512.67206635191	0
359	422502.1066406432	11511.82432711884	0
360	422502.106647987	11511.82431500236	0
361	422557.3097872299	11434.15753606228	0
362	422557.3096309294	11434.15756699594	0
363	422557.7308099134	11433.24376834391	0
364	422557.3098617028	11434.15743859747	0
365	422557.7291814624	11433.23747905345	0
366	422557.7308099144	11433.24376834368	0
367	422569.5587960425	11423.69998618901	0
368	422569.5589897328	11423.70002027277	0
369	422569.8054776083	11422.71634017819	0
370	422569.5623824659	11423.70144069641	0
371	422569.8015680306	11422.71572135055	0
372	422569.805734089	11422.71629540195	0
373	422613.0149662197	11371.76458244423	0
374	422613.0150210003	11371.76458931162	0
375	422613.6684311805	11370.99742929376	0
376	422613.0151168464	11371.76437730529	0
377	422613.6764891185	11370.99499720542	0
378	422613.6764294445	11370.9948971358	0
379	422648.8649264683	11350.36837146888	0
380	422648.8651062356	11350.36827597505	0
381	422649.9943554045	11348.72099390425	0
382	422648.8643910159	11350.36742259418	0
383	422649.9959298693	11348.71960150088	0
384	422649.9960215797	11348.71949318561	0
385	422716.1566215126	11266.84111812493	0
386	422716.1565786405	11266.84112762835	0
387	422717.6513242106	11265.46376161464	0
388	422716.1627215749	11266.84026043138	0
389	422717.652991987	11265.46175930293	0
390	422717.6533714347	11265.46169237642	0
391	422718.6328176566	11263.68298146651	0
392	422718.6322101315	11263.68358285848	0
393	422719.006412629	11262.74794467451	0
394	422718.633120275	11263.68290172752	0
395	422719.0072036457	11262.74714697851	0
396	422719.0064731615	11262.7479873385	0
397	422721.5963305476	11258.37516260862	0
398	422721.6001050808	11258.37693021866	0
399	422721.7595978944	11257.37291184578	0
400	422721.5963680366	11258.37511074214	0
401	422721.759930248	11257.37261198073	0
402	422721.7596183697	11257.37292002618	0
403	422825.3512286452	11140.04480318915	0
404	422825.3505944949	11140.04373035393	0
405	422827.3652696852	11140.26841573636	0
406	422825.3511440513	11140.04482228645	0
407	422827.365709069	11140.26810992472	0
408	422827.3655956215	11140.26808722363	0
409	422902.664568605	11087.51138278125	0
410	422902.6635896393	11087.51244095971	0
411	422902.9760224921	11086.55157539897	0
412	422902.6646276259	11087.51142699775	0
413	422902.9769621611	11086.5515045698	0
414	422902.9768656017	11086.55144095115	0
415	422913.2400463537	11072.47253406516	0
416	422913.2404902803	11072.47207111606	0
417	422913.4872893413	11071.49281504454	0
418	422913.2401450098	11072.47255922028	0
419	422913.4885489221	11071.49262686687	0
420	422913.4885676737	11071.49273059625	0
421	422991.2812824396	10956.54810543932	0
422	422991.2813914832	10956.54809991735	0
423	422992.2332277828	10956.23213748097	0
424	422991.2819766448	10956.54820702757	0
425	422992.2333380303	10956.23189154534	0
426	422992.2335830653	10956.23171503597	0
427	423028.3426663293	10898.63487058526	0
428	423028.3395867253	10898.63556081827	0
429	423028.6927429169	10897.69311638626	0
430	423028.3431164357	10898.634594244	0
431	423028.6942950829	10897.69232025382	0
432	423028.694598699	10897.69226879677	0
433	423097.2557053051	10825.38191355789	0
434	423097.2546524141	10825.38162632485	0
435	423098.2697229458	10825.30358007234	0
436	423097.255743039	10825.38187235881	0
437	423098.2703328799	10825.30322079751	0
438	423098.270300588	10825.30326042338	0
439	423109.00744118	10817.43187515642	0
440	423109.0048705728	10817.43255692803	0
441	423109.8907884472	10816.94436128623	0
442	423109.0075487479	10817.43180071336	0
443	423109.8919253086	10816.94348071051	0
444	423109.891962018	10816.94344501614	0
445	423111.6581682203	10815.89747029496	0
446	423111.6582183967	10815.89743504406	0
447	423112.3702633522	10815.16305609763	0
448	423111.6573241799	10815.89656130545	0
449	423112.3719684847	10815.16116371861	0
450	423112.3703030272	10815.16302267951	0
451	423113.6506184355	10813.56816490709	0
452	423113.6431561306	10813.56986169739	0
453	423114.2718920658	10812.7988450481	0
454	423113.6511607525	10813.56691512469	0
455	423114.2765666981	10812.79866038564	0
456	423114.2765666972	10812.7986603853	0
457	423140.7046290999	10788.72913029132	0
458	423140.7044751314	10788.72953378269	0
459	423143.7674921072	10785.99116199213	0
460	423140.7046635012	10788.72919357442	0
461	423143.7649507357	10785.98512673956	0
462	423143.7650817599	10785.98485114127	0
463	423147.2419695278	10779.63137730889	0
464	423147.2404546427	10779.63221243795	0
465	423147.9850524993	10777.74272407472	0
466	423147.241898895	10779.63151491216	0
467	423147.9970142536	10777.73606459054	0
468	423147.9969598016	10777.73612023756	0
469	423148.9368882084	10774.81062881238	0
470	423148.9260744344	10774.81688438902	0
471	423149.3300034393	10773.87571169837	0
472	423148.9369076386	10774.81060628913	0
473	423149.3320360275	10773.87364767942	0
474	423149.3321771661	10773.87338661222	0
475	423151.4969388834	10768.12352128872	0
476	423151.4920971547	10768.12235440459	0
477	423151.8236968646	10766.10925101542	0
478	423151.4967788571	10768.12371525144	0
479	423151.8244304839	10766.10845622187	0
480	423151.8237182077	10766.10915721769	0
481	423152.2356757363	10765.17292135002	0
482	423152.2363990757	10765.17310079319	0
483	423152.5505236892	10764.20900962446	0
484	423152.2378014802	10765.17350364114	0
485	423152.5514296264	10764.20882333579	0
486	423152.5515130611	10764.20862212594	0
487	423153.2033120238	10762.28106173851	0
488	423153.2034021029	10762.28091636173	0
489	423153.5970888066	10761.33174043631	0
490	423153.2094320704	10762.28131447689	0
491	423153.5981327881	10761.33165070631	0
492	423153.5979772887	10761.33176831076	0
493	423158.1959973562	10749.93206625766	0
494	423158.1787526172	10749.93889229499	0
495	423158.8872390616	10749.184759639	0
496	423158.1959733054	10749.93220002673	0
497	423158.8885419706	10749.18390448861	0
498	423158.8886529678	10749.18404722181	0
499	423160.1263004353	10746.382414566	0
500	423160.1132162721	10746.37281878152	0
501	423160.4113447397	10745.4117107125	0
502	423160.1264837957	10746.3823435713	0
503	423160.4232608955	10745.40864730326	0
504	423160.4111144937	10745.41195127838	0
505	423162.864236786	10742.09139821415	0
506	423162.8625563435	10742.09347506298	0
507	423163.2889359731	10741.1906587873	0
508	423162.8645784135	10742.09086891822	0
509	423163.2965293242	10741.18000387121	0
510	423163.288984445	10741.19054415283	0
511	423193.1430813394	10671.13633896897	0
512	423193.1316367174	10671.1414276648	0
513	423193.2313193558	10670.17916586181	0
514	423193.1432780623	10671.1363572558	0
515	423193.4364803994	10670.12734583008	0
516	423193.4365191662	10670.12737509993	0
517	423294.8470936197	10554.92085527457	0
518	423294.8380420275	10554.92324088974	0
519	423295.3383124291	10554.05115833052	0
520	423294.8469489287	10554.92086904744	0
521	423295.3633882497	10554.05437047965	0
522	423295.3633339453	10554.05453204282	0
523	423302.7299835482	10550.16957644792	0
524	423302.7257706329	10550.17246134113	0
525	423303.6310446236	10549.62713349831	0
526	423302.7306565876	10550.16909356282	0
527	423303.6317070079	10549.62680686205	0
528	423303.6306735767	10549.62691855733	0
529	423305.3678514551	10548.56808710321	0
530	423305.3678514558	10548.56808710246	0
531	423307.3288608593	10547.83820682328	0
532	423305.3700819387	10548.56495409316	0
533	423307.3424316298	10547.8249178225	0
534	423307.3422419483	10547.8250071652	0
535	423309.0330866612	10546.58918379939	0
536	423309.0094888957	10546.60948730869	0
537	423309.9109021761	10546.1295760966	0
538	423309.0335610182	10546.58915662091	0
539	423309.9427176211	10546.10129593801	0
540	423309.9429345817	10546.10113305615	0
541	423310.7402912786	10545.3393442203	0
542	423310.7321550035	10545.34589412112	0
543	423311.6749445486	10544.89179391454	0
544	423310.7401190637	10545.33938520004	0
545	423311.6801418118	10544.88648770375	0
546	423311.679830903	10544.8866869429	0
547	423313.7763217562	10542.32573173336	0
548	423313.768310984	10542.33092202641	0
549	423315.540362286	10540.91172238983	0
550	423313.7763356054	10542.32535642847	0
551	423315.5436298883	10540.88169665178	0
552	423315.5443049	10540.8808171244	0
553	423317.0590346007	10539.08837758592	0
554	423317.0427048323	10539.0996922209	0
555	423318.113853205	10538.49712467859	0
556	423317.0580395347	10539.08956697295	0
557	423318.1190769128	10538.49064420618	0
558	423318.1197055673	10538.4902147685	0
559	423319.1578731897	10537.32397969815	0
560	423319.041604152	10537.57654280014	0
561	423319.3805341187	10536.84914366281	0
562	423319.1593761867	10537.32120284941	0
563	423437.6065482667	10434.5049696587	0
564	423437.5979674471	10434.51593908101	0
565	423437.0779423645	10433.70593406688	0
566	423437.6068260048	10434.50398247689	0
567	423437.0877887855	10433.6969239602	0
568	423437.0788597848	10433.70509583114	0
569	423545.6061694132	10347.45592888705	0
570	423545.6057921994	10347.45624565873	0
571	423545.4234772968	10346.93333628581	0
572	423545.621187536	10347.28324630127	0
573	423545.4327521836	10346.93388956279	0
574	423545.423678091	10346.93313072855	0
575	423627.2204387122	10239.74697261957	0
576	423627.22053752	10239.7469355007	0
577	423626.8324774129	10238.86528499963	0
578	423627.2222157671	10239.74400955617	0
579	423626.851750299	10238.85795655302	0
580	423626.8325133935	10238.86486658963	0
581	423705.7306483979	10164.4807639315	0
582	423705.7307883755	10164.48076423469	0
583	423706.6762814681	10164.14706202906	0
584	423705.7333584945	10164.47767346585	0
585	423706.6765912563	10164.14650659836	0
586	423706.6761872417	10164.1470135755	0
587	423729.1107357356	10136.82345555827	0
588	423729.1121389894	10136.82525740345	0
589	423729.599281993	10135.93829894842	0
590	423729.1102566576	10136.82339592869	0
591	423729.5987787474	10135.93816696206	0
592	423729.5989234803	10135.93850458873	0
593	423731.5090681434	10131.21326940157	0
594	423731.5074983145	10131.2135868263	0
595	423732.1046297516	10130.39025165507	0
596	423731.5089140281	10131.21246439243	0
597	423732.1063224168	10130.38918768393	0
598	423732.1063217466	10130.38918125098	0
599	423736.4337972809	10123.46584823725	0
600	423736.4326298992	10123.46754633699	0
601	423736.9607594989	10122.5954466161	0
602	423736.4336891774	10123.46601493822	0
603	423736.9600284474	10122.59587073326	0
604	423736.9601247127	10122.59555528143	0
605	423737.5986657765	10120.64527186422	0
606	423737.5979021197	10120.64512102137	0
607	423738.1772020059	10119.80923243062	0
608	423737.5986455633	10120.6452607878	0
609	423738.1795969871	10119.80928355649	0
610	423738.1795197862	10119.80923491831	0
611	423756.6752975928	10102.1962460793	0
612	423756.6754031466	10102.19632787658	0
613	423757.5819370293	10101.75715346707	0
614	423756.6749937761	10102.19564883694	0
615	423757.582004548	10101.75724967872	0
616	423757.5819370284	10101.75715346731	0
617	423758.5227681764	10101.35438535823	0
618	423758.5225644661	10101.35444872399	0
619	423759.3764235607	10100.81881156456	0
620	423758.5227288443	10101.35436669442	0
621	423759.377151143	10100.81622713219	0
622	423759.3769990867	10100.81641406677	0
623	423760.336992385	10100.46465161578	0
624	423760.335757607	10100.46464705512	0
625	423762.9326227539	10098.92156562486	0
626	423760.3369634263	10100.464647272	0
627	423762.9324394527	10098.92135566925	0
628	423762.9326593723	10098.92120024067	0
629	423765.5205109951	10097.30043254946	0
630	423765.5177108745	10097.30087811888	0
631	423766.5256184772	10097.12522021386	0
632	423765.5206524993	10097.30035613016	0
633	423766.5322228657	10097.11987862013	0
634	423766.5321338826	10097.11990400665	0
635	423768.3112734791	10096.15231618524	0
636	423768.3096954119	10096.15382884016	0
637	423769.2434147084	10095.73490006019	0
638	423768.3126996652	10096.15163587792	0
639	423769.243157826	10095.73463252284	0
640	423769.2428308381	10095.73485387932	0
641	423774.7016803218	10092.98123082671	0
642	423774.7016535754	10092.9812554632	0
643	423775.630450681	10092.53093611974	0
644	423774.7003023411	10092.97687275692	0
645	423775.6301185096	10092.53124588145	0
646	423775.6304069252	10092.53115226155	0
647	423837.4668456459	10041.56334933759	0
648	423837.4674098468	10041.56337218556	0
649	423838.2752272087	10040.95530125965	0
650	423837.4668209881	10041.56334948135	0
651	423838.2752517995	10040.95417561804	0
652	423838.2752255154	10040.95420528781	0
653	423849.5113810332	10032.13394542548	0
654	423849.5112124227	10032.13405944878	0
655	423849.8392120472	10031.17171950216	0
656	423849.510189463	10032.13439372031	0
657	423849.8358169757	10031.17057639121	0
658	423849.8394715915	10031.17164057039	0
659	424005.1565267143	9873.292239546034	0
660	424005.153777666	9873.292232796428	0
661	424006.0791882137	9872.85620387881	0
662	424005.1565881921	9873.291870857052	0
663	424006.0790383578	9872.856272743031	0
664	424006.0790294686	9872.856315050387	0
665	424061.6803344838	9828.648840863038	0
666	424061.6803612295	9828.648816227111	0
667	424063.2368977997	9827.32546511588	0
668	424061.6817531029	9828.649212230393	0
669	424063.2406885131	9827.327347285263	0
670	424063.2407331075	9827.327250126491	0
671	424093.6521053399	9811.081183081464	0
672	424093.6511172093	9811.081146448487	0
673	424094.5487336455	9810.627224132899	0
674	424093.6517188534	9811.081239194578	0
675	424094.54854421	9810.627581142373	0
676	424094.5491099522	9810.627554744176	0
677	424126.4452981844	9792.522980206733	0
678	424126.4409784161	9792.524966692039	0
679	424126.9952873153	9791.650968174194	0
680	424126.4452606947	9792.522981520151	0
681	424126.9954750538	9791.651030142993	0
682	424126.9954764257	9791.650955277604	0
683	424128.2907201751	9790.071458786932	0
684	424128.2946212976	9790.073399182382	0
685	424129.0780165083	9789.423938898253	0
686	424128.2909015028	9790.071272974397	0
687	424129.0754413341	9789.417808205155	0
688	424129.0750852835	9789.418118439808	0
689	424134.8180169527	9783.513803353168	0
690	424134.8183850612	9783.513580265895	0
691	424135.7073040696	9783.014807448442	0
692	424134.8175738363	9783.516185653278	0
693	424135.7071368982	9783.015362681981	0
694	424135.7074046173	9783.015283725284	0
695	424177.7511253085	9764.119176056363	0
696	424177.7492267744	9764.119930672387	0
697	424178.1391042449	9763.82427742342	0
698	424177.9224527974	9763.996419047489	0
699	424183.5193691112	9761.74038602309	0
700	424183.5019801494	9761.748761920366	0
701	424183.7244618585	9761.639127316659	0
702	424183.5195176312	9761.740407585767	0
703	424236.1023909155	9739.379014709755	0
704	424236.1023909164	9739.379014709179	0
705	424236.2618887158	9739.265663698028	0
706	424236.2614349725	9739.266038624653	0
707	424239.5997938419	9736.389220107336	0
708	424239.580946078	9736.441288545751	0
709	424239.6010084834	9736.385837834012	0
710	424239.6009062055	9736.386558570324	0
711	424240.1737324692	9735.410996370159	0
712	424240.1799748217	9735.389251175115	0
713	424240.9502989089	9734.737772907203	0
714	424240.1735555188	9735.41162516174	0
715	424240.9426821385	9734.746828643018	0
716	424240.950133675	9734.737932112932	0
717	424262.23267659	9720.554835656643	0
718	424262.2336918887	9720.554485665645	0
719	424263.6753330821	9719.150992240855	0
720	424262.2330341571	9720.554626015646	0
721	424263.6784542057	9719.150992270106	0
722	424263.6754134097	9719.150930694865	0
723	424336.5988985684	9652.644160938831	0
724	424336.5975277329	9652.644308306217	0
725	424337.5175553547	9652.21835197701	0
726	424336.59886016	9652.644339227878	0
727	424337.5097906869	9652.208735016462	0
728	424337.5099245405	9652.208570072082	0
729	424498.9189369026	9518.259203181551	0
730	424498.9162723458	9518.259389695451	0
731	424499.97979518	9516.522952322284	0
732	424498.9188985213	9518.259304973293	0
733	424499.9837448382	9516.522207382648	0
734	424499.9837448388	9516.522207381893	0
735	424500.7098206267	9515.812999104566	0
736	424500.7096941665	9515.813085268903	0
737	424501.4980294365	9515.162687725668	0
738	424500.7069294172	9515.812230698208	0
739	424501.4942028111	9515.163109627254	0
740	424501.4942742651	9515.163115694651	0
741	424503.8881616282	9513.302959760589	0
742	424503.8881827602	9513.302718800058	0
743	424504.732906253	9512.755772620292	0
744	424503.8895787837	9513.303270059094	0
745	424504.7268185843	9512.743970427064	0
746	424504.7274919825	9512.743516324761	0
747	424505.513114402	9512.07802093333	0
748	424505.515571581	9512.076688411056	0
749	424506.2432273193	9511.364784800146	0
750	424505.5132913106	9512.077985920452	0
751	424506.2389105853	9511.359662280687	0
752	424506.2389344329	9511.359835307569	0
753	424602.014187886	9431.019306199876	0
754	424602.0072722288	9431.006492329067	0
755	424603.7099003154	9429.898257227682	0
756	424602.0144703665	9431.019136689789	0
757	424603.7128070893	9429.902043891778	0
758	424603.7090338756	9429.898008726976	0
759	424606.1458791786	9428.059952983669	0
760	424606.14587148	9428.059960497301	0
761	424607.6813717833	9426.688913967562	0
762	424606.1500901562	9428.062028424642	0
763	424607.6823215217	9426.689492570753	0
764	424607.682735819	9426.689401816886	0
765	424608.6650384408	9426.380910197428	0
766	424608.6650964126	9426.381123271183	0
767	424609.552879368	9425.884148572102	0
768	424608.6065500352	9426.299905102078	0
769	424609.550800849	9425.882458569426	0
770	424609.5529979149	9425.88416469915	0
771	424611.4501987228	9425.105339325624	0
772	424611.4514968609	9425.105034333652	0
773	424612.2337063581	9424.418816842941	0
774	424611.4530739959	9425.105087126431	0
775	424612.2332284907	9424.418257008379	0
776	424612.2333948048	9424.418991854005	0
777	424617.2955446621	9423.15162189355	0
778	424617.2956258199	9423.151644295056	0
779	424619.3428797281	9422.976032815515	0
780	424617.2962232059	9423.149864872357	0
781	424619.343160928	9422.976062876227	0
782	424619.3433939086	9422.976039283127	0
783	424620.35497593	9422.683283111972	0
784	424620.3508728386	9422.684188365511	0
785	424621.4220128154	9422.733320034422	0
786	424620.3552482207	9422.683206093858	0
787	424621.4241560973	9422.733913757069	0
788	424621.4220837166	9422.733284252774	0
789	424651.0960362994	9408.360582368996	0
790	424651.0960585777	9408.360596316115	0
791	424651.9480785385	9407.773841988579	0
792	424651.0959334336	9408.36065516097	0
793	424651.9483201736	9407.782164626658	0
794	424651.9482574912	9407.782289904406	0
795	424653.5837207147	9406.502714222162	0
796	424653.5824157514	9406.5009211379	0
797	424654.5341792056	9406.019064946975	0
798	424653.5839658182	9406.502634981951	0
799	424654.5363057597	9406.019706056937	0
800	424654.5363057607	9406.019706056913	0
801	427465.4936670554	7944.653523739732	0
802	427465.4940155207	7944.653478330736	0
803	427465.3921298397	7944.629010221597	0
804	427465.4712395088	7944.647699968131	0
805	432903.8664058452	7809.969597777255	0
806	432903.8679833308	7809.967134225903	0
807	432903.8749928882	7810.056895473608	0
808	432903.8776711936	7810.069291281809	0
809	459129.9157100503	9539.188016544658	0
810	459129.9166610376	9539.188069238495	0
811	459122.0569256922	9543.805123566517	0
812	459121.7567215298	9543.831534438863	0
813	459129.9483196727	9539.187095036546	0
814	459122.0578463787	9543.805122161957	0
815	478706.0357868802	6474.718688157773	0
816	478706.0412384603	6474.717791137386	0
817	478706.3007317001	6474.669609464696	0
818	478706.3007317011	6474.669609464582	0
819	490931.8577122494	13521.72187814141	0
820	490931.8571459188	13521.72191920444	0
821	490931.9777614626	13521.51335628257	0
822	490931.9778974324	13521.51334774031	0
823	509138.9752308264	14047.46398132626	0
824	509138.9698928639	14047.46396838266	0
825	509139.1649393385	14047.47017290451	0
826	509139.1745489507	14047.47054582374	0
827	573975.1182159501	15435.58857834627	0
828	573975.1183797973	15435.58871954821	0
829	573975.9538792837	15436.27549296798	0
830	573975.1209918534	15435.58752752695	0
831	573975.9542066455	15436.2773263019	0
832	573975.9531101958	15436.27520772164	0
833	592104.6372456555	8818.717611986604	0
834	592104.6198830142	8818.803871399401	0
835	592104.6522181804	8818.617749551782	0
836	592104.6285793657	8818.714931190083	0
837	624337.79821744	11057.58372419695	0
838	624337.7991391437	11057.58519488619	0
839	624338.1585972148	11057.59584999781	0
840	624338.1582584754	11057.5968164532	0
841	624337.6562529103	11057.88563666258	0
842	624337.6523302743	11057.88255588238	0
843	623788.891631203	11569.6750603271	0
844	623788.8912639116	11569.67538608313	0
845	623788.8349589825	11568.8421496408	0
846	623788.8347899255	11568.8423070351	0
847	662949.9426507448	12054.15143118128	0
848	662816.5296243822	11942.08406038158	0
849	663083.2832268933	12166.20474240099	0
850	662949.9439301058	12054.15145027937	0
851	678032.158744273	13537.74087023702	0
852	678032.1656717369	13537.73988967183	0
853	678032.185871163	13537.72665222343	0
854	678032.1842075197	13537.72660787571	0
855	679479.0860868369	12372.74630883757	0
856	679478.9373945951	12372.72938258486	0
857	679479.158787527	12372.75460092634	0
858	679479.1595921612	12372.75461294466	0
859	688433.6791781449	12067.74333437535	0
860	688433.4927283191	12067.84296886378	0
861	688433.7085369913	12067.72252368832	0
862	688433.6699386418	12067.74052342318	0
863	692366.7623076043	9703.715017125032	0
864	692366.7626565729	9703.713119493374	0
865	692366.8561316438	9703.513563544493	0
866	692366.854942885	9703.517345113882	0
867	697657.2543047497	8410.081531170232	0
868	697657.1297751314	8410.083379750169	0
869	697657.3809672699	8410.07960685927	0
870	697657.2542224303	8410.081486117982	0
871	700930.0539125234	7900.717278108219	0
872	700930.0539411629	7900.717263225966	0
873	700930.1299536132	7900.745510174134	0
874	700930.0825280247	7900.728121149898	0
875	700954.624742961	7910.695443950515	0
876	700954.6250060423	7910.695427921838	0
877	700954.8780842031	7910.830851183915	0
878	700954.8770575103	7910.83000434045	0
879	707273.7076068791	10714.80628565767	0
880	707273.6348839703	10714.81746059279	0
881	707273.7820869269	10714.79470932156	0
882	707273.7072828934	10714.80627342852	0
883	707311.5272086611	10700.62983545538	0
884	707311.5273244291	10700.62982707891	0
885	707311.6796405079	10700.66212035739	0
886	707311.6766206746	10700.66185609519	0
887	707566.5584258726	10777.42125462037	0
888	707566.5561429878	10777.42111075966	0
889	707566.7105375592	10777.42161027729	0
890	707566.7135611316	10777.42167235805	0
891	729274.7083578564	11589.93061046267	0
892	729274.6504402104	11589.92514525355	0
893	729274.7446859461	11589.93396405406	0
894	729274.7446859451	11589.93396405396	0
895	739215.9554323636	9795.751295313772	0
896	739215.9553305478	9795.746054916606	0
897	739215.9672412546	9795.889564737327	0
898	739215.9598885074	9795.801295712778	0
899	745602.9909081799	10649.71245821606	0
900	745603.1021902314	10649.76649062583	0
901	745602.8774606189	10649.66796187307	0
902	745602.9912136357	10649.71069787896	0
903	745602.9220210362	10650.03303356946	0
904	745602.9217682962	10650.03299803126	0
905	748609.5076057842	11531.55448747473	0
906	748609.5077723876	11531.5544878963	0
907	748609.7375659382	11531.56251614506	0
908	748609.7360223556	11531.56235648438	0
909	751036.0376059811	11002.24769602327	0
910	751036.0363823029	11002.24934068397	0
911	751036.1483610591	11002.12836414379	0
912	751036.1484055587	11002.12950212245	0
913	751054.913580429	10997.62020997261	0
914	751054.9184874684	10997.61738103392	0
915	751055.128473333	10997.47133656073	0
916	751055.1322865527	10997.46897639249	0
917	751905.8177377426	10850.22711330093	0
918	751905.8173403358	10850.22720471911	0
919	751906.8569526782	10850.34924839108	0
920	751905.8572555999	10850.20111438136	0
921	751906.8601004211	10850.34894365753	0
922	751906.8575387065	10850.34921515823	0
923	799614.3258405849	8744.31750315906	0
924	799614.3261333568	8744.317476354479	0
925	799615.0305933921	8745.031503087906	0
926	799614.3269611028	8744.317327054767	0
927	799615.0353515467	8745.031174221347	0
928	799615.0340149102	8745.031860094172	0
929	818977.0305240775	13215.53836951151	0
930	818977.0285315451	13215.53898678596	0
931	818977.3212713521	13216.47875389356	0
932	818977.0306970893	13215.53873197308	0
933	818977.3218310325	13216.4787405514	0
934	818977.3220062888	13216.47885767249	0
935	821787.4307119541	14547.88387186636	0
936	821787.463652316	14547.85123572821	0
937	821787.2701481316	14548.08863038121	0
938	821787.4303003672	14547.89457357534	0
939	844816.4107660151	8373.766362345395	0
940	844816.2760874399	8373.816386050888	0
941	844816.5103470433	8373.729627124616	0
942	844816.513343255	8373.728886111325	0
943	875949.289919708	11837.98026375943	0
944	875949.2898611836	11837.98026931921	0
945	875949.4201469171	11837.95864529008	0
946	875949.4228053984	11837.95826948952	0
947	891476.6479701448	11261.18500283614	0
948	891476.6486527561	11261.18498982963	0
949	891477.6584338566	11261.22891195259	0
950	891476.6510052705	11261.18496849046	0
951	891477.658935674	11261.22890489107	0
952	891477.6595206416	11261.22894424757	0
953	915041.9289549657	11362.19376310984	0
954	915041.9098743204	11362.27011313794	0
955	915041.9378154835	11362.16585895912	0
956	915041.927503611	11362.19377122504	0
957	936128.5705221539	12085.94047017502	0
958	936128.5412623233	12085.9986932536	0
959	936128.585363564	12085.91154673477	0
960	936128.5850125332	12085.91160362905	0
961	936282.2060402528	12145.37187851858	0
962	936282.2095337448	12145.36955071482	0
963	936282.2573254944	12145.23599327236	0
964	936282.2150199037	12145.35612704976	0
965	942859.2200884213	7946.743741881921	0
966	942859.2203563617	7946.743541995633	0
967	942859.2562126914	7946.670758201399	0
968	942859.2288871628	7946.712920151842	0
969	953943.2697654448	11351.29530850148	0
970	953834.7564552595	11371.98487997112	0
971	954060.1282516062	11329.96022373765	0
972	953943.2839064838	11351.29600608271	0
973	984494.3976460859	10898.43655394515	0
974	984494.4060617121	10898.44107810299	0
975	984494.4793543308	10898.49651913571	0
976	984494.4733629432	10898.49219982429	0
977	988366.1239463446	10152.85472396555	0
978	988366.1250576529	10152.85464549398	0
979	988366.5091206217	10152.79056818505	0
980	988366.5123538884	10152.78997518504	0
981	988398.0332852491	10152.03273736412	0
982	988398.0331567513	10152.03270340737	0
983	988398.1095613594	10152.03303701974	0
984	988398.1098379741	10152.0330389888	0
985	988427.5470565975	10147.93219006433	0
986	988427.5205900113	10147.95881798393	0
987	988427.6458117281	10147.8231948064	0
988	988427.5471354139	10147.93219944827	0
989	988491.9360774662	10155.59904617898	0
990	988491.9359986514	10155.59903679444	0
991	988491.8501885437	10155.68493262791	0
992	988491.8500692432	10155.68493254921	0
993	997601.6163846239	12387.55336214878	0
994	997601.6163518071	12387.55348687836	0
995	997601.7978266265	12387.57490295729	0
996	997601.8096802606	12387.57618937521	0
997	999134.7221149253	11745.45033473658	0
998	999134.7221149261	11745.45033473592	0
999	999134.8140542289	11745.3225336206	0
1000	999134.8140542296	11745.32253361979	0
1001	1001450.194516766	11252.61215458231	0
1002	1001449.975931708	11252.68503897123	0
1003	1001450.312824056	11252.57447341396	0
1004	1001450.316304719	11252.57348999161	0
1005	1001457.688667159	11247.95558296234	0
1006	1001457.688876813	11247.95560717088	0
1007	1001457.790890582	11247.78757079526	0
1008	1001457.793208313	11247.78389611757	0
1009	1015979.318426741	10837.83813282649	0
1010	1015979.318230305	10837.83813160735	0
1011	1015979.406236616	10837.85269736624	0
1012	1015979.406243726	10837.85273098772	0
1013	1032031.571089447	12207.60113358451	0
1014	1032031.583934643	12207.63408164425	0
1015	1032031.555110319	12207.56307241957	0
1016	1032031.566068182	12207.58903780937	0
1017	1102093.752729482	10558.5152282047	0
1018	1102093.917797087	10558.38765750418	0
1019	1102093.65154423	10558.59272057191	0
1020	1102093.650144835	10558.59382401657	0
1021	1102648.180437348	10408.91336794342	0
1022	1102648.179696628	10408.91336857038	0
1023	1102648.449415072	10408.98526197587	0
1024	1102648.449329053	10408.98526109984	0
1025	1146635.895427533	10713.17945054732	0
1026	1146635.708700146	10713.11338002178	0
1027	1146635.943639092	10713.24133849929	0
1028	1146635.899954737	10713.18089439057	0
1029	1148274.76604622	11082.43265979715	0
1030	1148274.766779526	11082.43272924727	0
1031	1148274.965792039	11081.74004358921	0
1032	1148274.780817376	11082.44263557878	0
1033	1148274.990341932	11081.6958064151	0
1034	1148274.967918021	11081.73712292792	0
1035	1148274.295481298	11080.98879818776	0
1036	1148274.990869382	11081.69524927347	0
1037	1148274.294489442	11080.98840640058	0
1038	1148274.294760229	11080.98838674903	0
1039	1190195.273476108	11703.18663755111	0
1040	1190195.162154828	11703.2842817697	0
1041	1190195.345191025	11703.13123995038	0
1042	1190195.341271107	11703.13431838356	0
1043	1190245.681339927	11678.20759757542	0
1044	1190245.883466176	11678.2742189447	0
1045	1190245.580295217	11678.17428697383	0
1046	1190245.580228003	11678.17428725264	0
1047	1192288.618349134	10374.1732991415	0
1048	1192288.618457836	10374.17328777719	0
1049	1192288.847440038	10374.14847258146	0
1050	1192288.847250446	10374.14843000948	0
1051	1207733.3214067	8461.226775423867	0
1052	1207733.320856561	8461.22675700063	0
1053	1207733.486641567	8461.255558617282	0
1054	1207733.486667013	8461.255560474219	0
1055	1243448.867735496	8239.745844615081	0
1056	1243448.869682993	8239.74581288855	0
1057	1243448.98839686	8239.661116028228	0
1058	1243448.901315706	8239.72220691463	0
1059	1261822.168400826	11369.26550336228	0
1060	1261822.174514392	11369.26510603235	0
1061	1261822.257351389	11369.30508171831	0
1062	1261822.191633755	11369.27225289383	0
1063	1294706.808408696	1000.110956734128	0
1064	1294706.808555622	1000.111062815899	0
1065	1294706.81855391	1000	0
1066	1294706.823548267	1000.003127361986	0
1067	1295390.183696246	1060.27564507961	0
1068	1295390.191621626	1060.274874712532	0
1069	1286446.460472637	1425.972070074386	0
1070	1286446.429226755	1425.976449518221	0
1071	1286445.534426741	1425.817589832232	0
1072	1286446.457310368	1425.973788748486	0
1073	1286444.340681179	1425.986417839333	0
1074	1286444.376370213	1425.991091809876	0
1075	1284501.954401585	1898.766382770524	0
1076	1284501.665359267	1898.786081145277	0
1077	1284501.422600609	1899.341360309872	0
1078	1284501.91574272	1898.77187167066	0
1079	1284501.194024799	1899.043811494155	0
1080	1284501.192125426	1899.050009288281	0
1081	1282592.924138637	4277.768152987008	0
1082	1282592.702088995	4278.035929489562	0
1083	1282593.675734415	4276.242703002202	0
1084	1282592.920291398	4277.775105109839	0
1085	1282593.67569796	4276.24457609212	0
1086	1282593.675349408	4276.244491841375	0
1087	1282519.399786058	6406.163866436829	0
1088	1282519.393671198	6406.191155662219	0
1089	1282518.899495951	6406.592899907948	0
1090	1282519.398742717	6406.165155955772	0
1091	1282518.901735388	6406.5979075604	0
1092	1282518.901805029	6406.596508784979	0
1093	1283560.15067967	9613.769004762298	0
1094	1283560.263467454	9613.753400288131	0
1095	1283560.552082958	9614.136430467604	0
1096	1283560.151462737	9613.769841721582	0
1097	1283560.561449072	9614.140941692669	0
1098	1283560.554645416	9614.137944265171	0
1099	1289967.679372826	13151.78164151925	0
1100	1289967.57567893	13151.78560266361	0
1101	1289966.652653659	13151.20181466802	0
1102	1289967.679642879	13151.77717900617	0
1103	1289966.675287032	13151.21372368277	0
1104	1289966.676575796	13151.21676056999	0
1105	1289961.569673063	13158.72041240063	0
1106	1289961.570204493	13158.72034706388	0
1107	1289960.447483371	13158.89421442304	0
1108	1289961.562680485	13158.69714338259	0
1109	1289960.446321462	13158.89202556428	0
1110	1289960.448011452	13158.89424014492	0
1111	1289939.991455406	13149.05487271002	0
1112	1289939.990747025	13149.05508204524	0
1113	1289939.844537023	13149.73561087988	0
1114	1289939.992330296	13149.03165849946	0
1115	1289939.884718427	13149.71161768631	0
1116	1289939.846830237	13149.73833323148	0
1117	1289913.665037193	13103.73578533967	0
1118	1289913.664877306	13103.73678773921	0
1119	1289912.677246126	13103.61008010993	0
1120	1289913.665069051	13103.73585350419	0
1121	1289912.67556475	13103.61275012709	0
1122	1289912.67554958	13103.61145048903	0
1123	1289905.765737197	13068.17261628425	0
1124	1289905.765629593	13068.17375409087	0
1125	1289904.881540596	13067.50249452656	0
1126	1289905.76651658	13068.17332410429	0
1127	1289904.85376493	13067.50966162569	0
1128	1289904.853466795	13067.50995563002	0
1129	1289898.196968022	13051.44287651438	0
1130	1289898.197048094	13051.44244656844	0
1131	1289897.999977558	13050.48488978603	0
1132	1289898.215185743	13051.4415547781	0
1133	1289897.99620721	13050.48427473821	0
1134	1289897.999677624	13050.48456421398	0
1135	1289897.43646969	13048.55906262324	0
1136	1289897.360127834	13048.59616150156	0
1137	1289897.078951165	13047.62915544035	0
1138	1289897.437072167	13048.55917701481	0
1139	1289897.080574938	13047.62947258141	0
1140	1289897.080366754	13047.62937956933	0
1141	1289891.950794095	13036.53277590088	0
1142	1289891.950794096	13036.53277590007	0
1143	1289891.204737268	13035.89280688729	0
1144	1289891.934597896	13036.55504235273	0
1145	1289891.200876762	13035.89181708472	0
1146	1289891.200534076	13035.89174877186	0
1147	1289858.18729553	12995.4281342648	0
1148	1289858.196750799	12995.43119902104	0
1149	1289857.012720775	12994.23682688253	0
1150	1289858.189042793	12995.4286008791	0
1151	1289856.940823806	12994.29691182674	0
1152	1289856.940131691	12994.29691359508	0
1153	1289830.943380124	12974.59093672397	0
1154	1289830.947191451	12974.58951899874	0
1155	1289830.084816825	12974.01438562413	0
1156	1289830.942191415	12974.59069790854	0
1157	1289830.038205483	12974.03851262666	0
1158	1289830.038299682	12974.03850007561	0
1159	1289829.746022461	12973.02582425569	0
1160	1289829.746697122	12973.02623239311	0
1161	1289828.820449041	12972.50306268911	0
1162	1289829.769002335	12973.00432095234	0
1163	1289828.833119559	12972.49724725189	0
1164	1289828.832820673	12972.49730758823	0
1165	1289808.021425886	12961.81458293564	0
1166	1289808.021808329	12961.81396020653	0
1167	1289807.027899044	12962.26037911586	0
1168	1289808.022422071	12961.81072109057	0
1169	1289807.028931622	12962.26238468984	0
1170	1289807.028070501	12962.26007386195	0
1171	1289786.104113299	12949.49636396684	0
1172	1289786.104241022	12949.4961503789	0
1173	1289785.401751527	12948.74337142486	0
1174	1289786.104345663	12949.49618761663	0
1175	1289785.404994246	12948.73569808378	0
1176	1289785.405182102	12948.73555009083	0
1177	1289782.539842842	12947.55503680994	0
1178	1289782.540236635	12947.54824866213	0
1179	1289781.509392292	12947.5416352872	0
1180	1289782.539872069	12947.55506749936	0
1181	1289781.5135532	12947.53613290912	0
1182	1289781.514012685	12947.53602079461	0
1183	1289776.313223321	12944.26862575229	0
1184	1289776.313297648	12944.26872088739	0
1185	1289775.499559194	12943.67793697573	0
1186	1289776.289495099	12944.2799738286	0
1187	1289775.498581338	12943.67853238143	0
1188	1289775.499039705	12943.67885872504	0
1189	1289773.451693037	12941.45482825078	0
1190	1289773.452246592	12941.45381685009	0
1191	1289771.33726958	12939.22624603215	0
1192	1289773.703542532	12941.28177693807	0
1193	1289771.337863268	12939.22812367097	0
1194	1289771.338239348	12939.22774144671	0
1195	1289768.355189685	12936.09970276095	0
1196	1289768.381739999	12936.220777435	0
1197	1289768.341220474	12936.03830287429	0
1198	1289768.342181078	12936.03892524274	0
1199	1289766.037248739	12933.4163275974	0
1200	1289766.037424274	12933.41799938996	0
1201	1289765.93106202	12933.1304215583	0
1202	1289765.998621359	12933.31637765642	0
1203	1289764.977479047	12932.64414643715	0
1204	1289764.936813575	12932.57542389573	0
1205	1289763.831476258	12931.33648087259	0
1206	1289764.982192249	12932.64831012757	0
1207	1289763.811108209	12931.31970831081	0
1208	1289763.812328241	12931.32038744957	0
1209	1289758.362279933	12923.51141657649	0
1210	1289758.363385454	12923.5123492106	0
1211	1289757.429378022	12923.03354405098	0
1212	1289758.360350169	12923.50713756475	0
1213	1289757.421545385	12923.03404929591	0
1214	1289757.429232442	12923.03336978087	0
1215	1289755.071923064	12920.93324976206	0
1216	1289755.072033989	12920.93330142957	0
1217	1289754.503046868	12920.06213652906	0
1218	1289755.067353716	12920.93475358787	0
1219	1289754.483494761	12920.07971444124	0
1220	1289754.502849836	12920.06177368389	0
1221	1289750.394834899	12916.86737132715	0
1222	1289750.391476893	12916.87461345597	0
1223	1289749.563866399	12916.28013742009	0
1224	1289750.396603751	12916.86655535761	0
1225	1289749.56886806	12916.27754313608	0
1226	1289749.563529191	12916.27971077989	0
1227	1289748.897750922	12915.43505085538	0
1228	1289748.899040493	12915.43496598723	0
1229	1289747.947195928	12915.00249165341	0
1230	1289748.905290042	12915.4274545116	0
1231	1289747.973626533	12914.97052272109	0
1232	1289747.946974068	12915.00230638133	0
1233	1289738.490896425	12908.45559237725	0
1234	1289738.490685491	12908.45871007032	0
1235	1289737.568796218	12907.9766172115	0
1236	1289738.490915255	12908.45543487234	0
1237	1289737.569993853	12907.97605317148	0
1238	1289737.569740107	12907.97593413995	0
1239	1289723.65561054	12900.87835599983	0
1240	1289723.643577201	12900.89928947765	0
1241	1289723.003765731	12900.14307476705	0
1242	1289723.655444435	12900.87835576555	0
1243	1289722.96060403	12900.15135217328	0
1244	1289722.961141034	12900.15184104383	0
1245	1289707.363575053	12897.76449612483	0
1246	1289707.363592311	12897.76423225428	0
1247	1289705.287834966	12897.55507506176	0
1248	1289707.367641809	12897.76755246921	0
1249	1289705.287473246	12897.55482222252	0
1250	1289705.287669228	12897.55508315874	0
1251	1289686.019282581	12898.58673542701	0
1252	1289686.019123628	12898.58685201202	0
1253	1289685.082425517	12898.09880647935	0
1254	1289686.020357907	12898.58784069672	0
1255	1289685.079117274	12898.0964818196	0
1256	1289685.07918151	12898.09648197884	0
1257	1289568.599701109	12878.84222554205	0
1258	1289568.584664322	12878.85213741301	0
1259	1289567.798774865	12878.14040831275	0
1260	1289568.60034293	12878.84212216592	0
1261	1289567.803336343	12878.1354092678	0
1262	1289567.796243246	12878.14078423489	0
1263	1289514.739448258	12882.68521079153	0
1264	1289514.738549938	12882.68512277966	0
1265	1289513.718845152	12882.8563390967	0
1266	1289514.7383869	12882.68637459937	0
1267	1289513.720405129	12882.85649675465	0
1268	1289513.720910834	12882.85664795834	0
1269	1289512.669966772	12883.08440452031	0
1270	1289512.669820397	12883.08473099592	0
1271	1289511.567321314	12883.30702036068	0
1272	1289512.70902703	12883.14629205729	0
1273	1289511.58282205	12883.32980679747	0
1274	1289511.583043737	12883.32951536164	0
1275	1289506.648713768	12886.08669250337	0
1276	1289506.647982361	12886.08670967909	0
1277	1289504.811615547	12887.25771009077	0
1278	1289506.638539881	12886.07451950675	0
1279	1289504.814029005	12887.25650719225	0
1280	1289504.811272999	12887.25884502533	0
1281	1289501.795602191	12889.13017693799	0
1282	1289501.796528295	12889.12954861964	0
1283	1289501.067141966	12889.87992004586	0
1284	1289501.797956493	12889.13067429473	0
1285	1289501.056480268	12889.8813611662	0
1286	1289501.066258195	12889.88051339637	0
1287	1289492.194659733	12895.06636877035	0
1288	1289492.195202923	12895.06625123871	0
1289	1289492.059055706	12895.17143530544	0
1290	1289492.101174765	12895.14008110878	0
1291	1289490.009825267	12896.3142992901	0
1292	1289490.003905461	12896.32005497107	0
1293	1289489.120202122	12897.60554144693	0
1294	1289490.009862217	12896.31472630258	0
1295	1289489.053182546	12897.74715177782	0
1296	1289489.114549907	12897.61132710469	0
1297	1289476.304127543	12909.86804548139	0
1298	1289476.304337503	12909.86774542476	0
1299	1289475.362863373	12910.3490675569	0
1300	1289476.304471384	12909.87302298483	0
1301	1289475.362539351	12910.35661177241	0
1302	1289475.362486527	12910.35673645914	0
1303	1289471.489984817	12914.37468067797	0
1304	1289471.489786765	12914.3731606491	0
1305	1289470.545402238	12916.47596317041	0
1306	1289471.505989321	12914.3814653058	0
1307	1289470.550522192	12916.4598950015	0
1308	1289470.536945244	12916.48264953495	0
1309	1289454.725324159	12935.3271240038	0
1310	1289454.722623422	12935.3383203186	0
1311	1289454.091225526	12936.22251820512	0
1312	1289454.726075475	12935.3260997809	0
1313	1289454.084026049	12936.21745627177	0
1314	1289454.089972503	12936.22533925007	0
1315	1289451.781821188	12939.97273391127	0
1316	1289451.78030376	12939.97285362784	0
1317	1289451.268965896	12942.08863592108	0
1318	1289451.750307505	12939.95647913134	0
1319	1289451.277029929	12942.07846733751	0
1320	1289451.269083699	12942.0886362361	0
1321	1289427.421261193	12985.74382547525	0
1322	1289427.421447913	12985.74359469784	0
1323	1289426.594532579	12986.29498977723	0
1324	1289427.420852918	12985.74486705582	0
1325	1289426.598187816	12986.27377932301	0
1326	1289426.597006305	12986.27305926283	0
1327	1289363.770751656	13084.01944976352	0
1328	1289363.768285227	13084.02334663618	0
1329	1289363.393099452	13085.16136138955	0
1330	1289363.770217518	13084.02365661102	0
1331	1289363.383675348	13085.17962586225	0
1332	1289363.380784106	13085.18143450397	0
1333	1289362.071229946	13086.98036434044	0
1334	1289362.076657616	13086.97230826864	0
1335	1289361.584893213	13087.9388729452	0
1336	1289362.070977223	13086.98094893707	0
1337	1289361.59070591	13087.93437849317	0
1338	1289361.584942502	13087.94135958342	0
1339	1289291.684360119	13269.89098125588	0
1340	1289291.686521035	13269.88940696942	0
1341	1289291.746763013	13270.96603188919	0
1342	1289291.684644335	13269.89056511524	0
1343	1289291.747343479	13270.96572285449	0
1344	1289291.747170315	13270.96554168842	0
1345	1289291.465322481	13273.0877928352	0
1346	1289291.46582839	13273.08883156118	0
1347	1289291.334531429	13274.13502430918	0
1348	1289291.468774328	13273.09214402129	0
1349	1289291.38747903	13274.13277922968	0
1350	1289291.335612786	13274.13428252425	0
1351	1289279.809583687	13349.2697588237	0
1352	1289279.810266746	13349.27384382571	0
1353	1289279.541840717	13350.3553151938	0
1354	1289279.594838231	13349.29885572924	0
1355	1289279.539921858	13350.35776634649	0
1356	1289279.53973877	13350.35798679058	0
1357	1289300.816317614	13424.84412861078	0
1358	1289300.808258538	13424.85872268477	0
1359	1289301.96817604	13424.55180630287	0
1360	1289300.818409057	13424.84413621021	0
1361	1289301.968443041	13424.55323401939	0
1362	1289301.968931373	13424.55132807759	0
1363	1297785.834707721	13451.24612421458	0
1364	1297785.83215563	13451.25218507987	0
1365	1297786.717572959	13451.27342037861	0
1366	1297785.835960781	13451.24713273717	0
1367	1297786.694048073	13451.21066623722	0
1368	1297786.694459751	13451.21052583396	0
1369	1298591.229396937	12384.8604974292	0
1370	1298591.249151095	12384.8633380876	0
1371	1298590.637442383	12384.32793078848	0
1372	1298591.229718544	12384.86031007986	0
1373	1298590.500290336	12384.53643593901	0
1374	1298590.637280536	12384.32723904986	0
1375	1295392.087342247	1060.269179926283	0
1376	1295390.423740532	1060.274720878033	0
1377	1295654.279676434	1068.906295270121	0
1378	1295654.271095173	1068.906773863047	0
1379	1316866.818407992	3967.698218355307	0
1380	1316866.40796714	3967.658937732636	0
1381	1316866.826783975	3967.698247672978	0
1382	1316866.821328373	3967.699193574693	0
1383	1319094.338069478	4791.994624857578	0
1384	1319094.336421475	4791.994338110879	0
1385	1319094.789141451	4792.130784538011	0
1386	1319094.793211096	4792.132442701673	0
1387	1324136.445041017	6951.007655673709	0
1388	1324136.490200392	6950.581573068207	0
1389	1324136.717523287	6950.83080289401	0
1390	1324136.717315242	6950.830721885555	0
1391	1324136.428079148	6951.220859103474	0
1392	1324136.427929374	6951.220859832181	0
1393	1326358.785130503	7991.618171109891	0
1394	1326358.788907029	7991.62230924303	0
1395	1326358.874092668	7991.797164809514	0
1396	1326358.874092667	7991.797164808542	0
1397	1327466.534666943	8485.114886697222	0
1398	1327466.54062796	8485.116437898352	0
1399	1327466.45091664	8485.112430644283	0
1400	1327466.527604231	8485.116617590411	0
1401	1328340.540082134	8525.597578456503	0
1402	1328340.539933293	8525.597639769951	0
1403	1328340.497002798	8525.503941949697	0
1404	1328340.495405875	8525.501524952133	0
1405	1331651.141654501	8984.09270854786	0
1406	1331651.141161038	8984.092622898799	0
1407	1331651.129600328	8984.117292478528	0
1408	1331651.127809598	8984.117095366197	0
1409	1331650.698215165	8984.04542626637	0
1410	1331650.875919025	8984.07513560698	0
1411	1343351.218976656	12475.43792008736	0
1412	1343351.221936015	12475.43827230411	0
1413	1343351.547514835	12475.46407949321	0
1414	1343351.545471806	12475.46396725596	0
1415	1354101.285395701	11303.23486914468	0
1416	1354101.285658899	11303.23487599908	0
1417	1354102.167389077	11302.7204360647	0
1418	1354101.291112932	11303.23633534543	0
1419	1354102.168213884	11302.72061428728	0
1420	1354102.167626471	11302.72039263871	0
1421	1354115.414044671	11301.048964276	0
1422	1354115.414217543	11301.04897781748	0
1423	1354116.284151022	11300.60281344685	0
1424	1354115.436675029	11301.05324652045	0
1425	1354116.306337332	11300.61242994013	0
1426	1354116.284059136	11300.60279647084	0
1427	1354152.762859024	11286.51719113617	0
1428	1354152.770749347	11286.51607415926	0
1429	1354153.018750952	11286.45685888458	0
1430	1354153.024340417	11286.45544335454	0
1431	1354156.493212461	11286.17557490484	0
1432	1354156.450550588	11286.20681477716	0
1433	1354156.504105008	11286.16920286839	0
1434	1354156.493212462	11286.17557490428	0
1435	1354167.521686895	11282.904788975	0
1436	1354167.523223917	11282.90453673313	0
1437	1354168.377231506	11282.4613210492	0
1438	1354167.532325462	11282.91035067817	0
1439	1354168.38804969	11282.4604743968	0
1440	1354168.387917084	11282.46047455294	0
1441	1354183.846031196	11276.23443673849	0
1442	1354183.845941285	11276.23443932399	0
1443	1354184.569036887	11275.54551769779	0
1444	1354183.853957089	11276.23676670813	0
1445	1354184.572860794	11275.54584679724	0
1446	1354184.571316961	11275.54599797966	0
1447	1354185.425655065	11274.93891848724	0
1448	1354185.397884562	11274.92016463829	0
1449	1354186.269857991	11274.41693580186	0
1450	1354185.426589814	11274.93840085571	0
1451	1354186.273679483	11274.41735415052	0
1452	1354186.27048558	11274.41676940475	0
1453	1354188.207899904	11273.70367224151	0
1454	1354188.208117145	11273.70360355656	0
1455	1354189.166441239	11273.35754275648	0
1456	1354188.212548207	11273.70421508283	0
1457	1354189.175339201	11273.35981083027	0
1458	1354189.166223542	11273.35723685641	0
1459	1354190.104125582	11272.98300272996	0
1460	1354190.103991554	11272.98299264384	0
1461	1354191.077773196	11272.63560134321	0
1462	1354190.134342176	11272.9866264222	0
1463	1354191.079751475	11272.6354435621	0
1464	1354191.078617754	11272.63493255342	0
1465	1354203.771150061	11265.94301151968	0
1466	1354203.771217118	11265.94294083869	0
1467	1354204.544426793	11265.24060586605	0
1468	1354203.772531044	11265.94475903644	0
1469	1354204.548441297	11265.24018781062	0
1470	1354204.544737139	11265.24051637406	0
1471	1354207.34376823	11263.85540757975	0
1472	1354207.344108554	11263.85506928944	0
1473	1354207.955446956	11263.04513988336	0
1474	1354207.346197126	11263.85560563042	0
1475	1354207.957458648	11263.04583093919	0
1476	1354207.955496453	11263.04507934894	0
1477	1354274.854473619	11197.98368669272	0
1478	1354274.84759163	11197.98642831925	0
1479	1354275.309533321	11197.15381833265	0
1480	1354274.855194517	11197.98302459906	0
1481	1354275.453363961	11197.21740752966	0
1482	1354275.309348334	11197.15368310481	0
1483	1354341.123676627	11126.67496440186	0
1484	1354341.123623585	11126.67499517195	0
1485	1354341.794598447	11125.90863146509	0
1486	1354341.130794293	11126.67725854973	0
1487	1354341.91379492	11125.93526677958	0
1488	1354341.79460041	11125.90860392586	0
1489	1354357.766610412	11104.55888479196	0
1490	1354357.748045299	11104.59336161508	0
1491	1354357.848895473	11104.51025289909	0
1492	1354357.766618029	11104.55869958026	0
1493	1354358.666590443	11101.5345783712	0
1494	1354358.666303717	11101.53425148734	0
1495	1354359.486547416	11099.72616788223	0
1496	1354358.693702163	11101.53250105467	0
1497	1354359.493037449	11099.7246975812	0
1498	1354359.486475306	11099.72621528375	0
1499	1354361.145010198	11095.63917728479	0
1500	1354361.144349245	11095.63952222506	0
1501	1354361.298195637	11095.49055093973	0
1502	1354361.298219693	11095.49078565116	0
1503	1354364.188293361	11093.74124777676	0
1504	1354364.189067508	11093.73757913016	0
1505	1354364.976909604	11093.06635453685	0
1506	1354364.188575032	11093.74115920956	0
1507	1354364.97579411	11093.06955253779	0
1508	1354364.976723342	11093.06685797686	0
1509	1354366.620451593	11091.8012509654	0
1510	1354366.620451594	11091.80125096479	0
1511	1354368.332249421	11090.6829961167	0
1512	1354366.62134148	11091.80186369714	0
1513	1354368.338488845	11090.68614913032	0
1514	1354368.332550447	11090.68237760487	0
1515	1354369.208270492	11090.15484656988	0
1516	1354369.207098446	11090.15448319628	0
1517	1354370.782525578	11088.82767364292	0
1518	1354369.208514377	11090.15493296933	0
1519	1354370.794307585	11088.83468508406	0
1520	1354370.78283167	11088.82758902185	0
1521	1354371.341323209	11087.9746299747	0
1522	1354371.329129114	11087.96481355982	0
1523	1354374.5100255	11085.39402897051	0
1524	1354371.341559082	11087.97456801313	0
1525	1354374.512395127	11085.39493166948	0
1526	1354374.510386814	11085.3940165735	0
1527	1354375.2849391	11084.73117262354	0
1528	1354375.279980417	11084.72682955247	0
1529	1354376.184297879	11084.23114665542	0
1530	1354375.284794973	11084.73113458685	0
1531	1354376.185500861	11084.23296849007	0
1532	1354376.185713764	11084.23109068972	0
1533	1354377.662856484	11082.81118514511	0
1534	1354377.656616924	11082.80647854243	0
1535	1354378.369702442	11082.07033735231	0
1536	1354377.66323288	11082.81094031255	0
1537	1354378.371681854	11082.0701462094	0
1538	1354378.371750539	11082.07006276961	0
1539	1354382.224194358	11078.69000589069	0
1540	1354382.223558932	11078.69016980663	0
1541	1354382.968286772	11077.99374541267	0
1542	1354382.224078598	11078.69014784441	0
1543	1354382.968471584	11077.99390463036	0
1544	1354382.968638851	11077.99376382669	0
1545	1354384.368435513	11076.47028825648	0
1546	1354384.349878399	11076.46875728516	0
1547	1354385.075455883	11075.74008581579	0
1548	1354384.368892771	11076.47046249501	0
1549	1354385.076018872	11075.74018499549	0
1550	1354385.075439136	11075.74008978072	0
1551	1354386.385762431	11074.16954283774	0
1552	1354386.385767752	11074.16954600789	0
1553	1354386.957487685	11073.29984670836	0
1554	1354386.385975457	11074.16950145938	0
1555	1354386.961964527	11073.30024339177	0
1556	1354386.961974078	11073.29997424355	0
1557	1354387.966053489	11071.50189820184	0
1558	1354387.966064731	11071.5018944722	0
1559	1354389.151216014	11069.80413007505	0
1560	1354387.976838215	11071.50464695115	0
1561	1354389.173079578	11069.81252632087	0
1562	1354389.151216015	11069.80405708997	0
1563	1354389.608128624	11068.87990281864	0
1564	1354389.607380615	11068.87948268464	0
1565	1354390.156867583	11068.00815426013	0
1566	1354389.607921195	11068.88005422197	0
1567	1354390.189819749	11068.02899394501	0
1568	1354390.157071081	11068.00790522397	0
1569	1354391.212143792	11066.20469703955	0
1570	1354391.212828855	11066.2033422283	0
1571	1354392.098042748	11064.34978647932	0
1572	1354391.214303317	11066.20661701768	0
1573	1354392.098356926	11064.35723393386	0
1574	1354392.098655963	11064.3568135483	0
1575	1354393.785783696	11061.15391500303	0
1576	1354393.74358317	11061.27609127396	0
1577	1354393.832301104	11061.03025239684	0
1578	1354393.787563106	11061.14814368304	0
1579	1354393.664156891	11059.89761960055	0
1580	1354393.663757485	11059.89493172326	0
1581	1354394.614388319	11057.22364652336	0
1582	1354393.731692034	11059.73366216285	0
1583	1354394.606503701	11057.2488413618	0
1584	1354394.614388319	11057.22364652436	0
1585	1354395.307194803	11056.38698702546	0
1586	1354395.307516983	11056.38639327985	0
1587	1354395.575855695	11055.33589339074	0
1588	1354395.308990371	11056.40538696024	0
1589	1354395.591000075	11055.3728648253	0
1590	1354395.576132042	11055.33598662049	0
1591	1354396.04119953	11052.21401016804	0
1592	1354396.0412959	11052.21386238649	0
1593	1354396.706006812	11050.22088155475	0
1594	1354396.041375761	11052.21514786231	0
1595	1354396.707180235	11050.22229890015	0
1596	1354396.707392714	11050.22204834331	0
1597	1354397.096186358	11048.14287654524	0
1598	1354397.096207642	11048.14284798149	0
1599	1354397.432668224	11047.16342481264	0
1600	1354397.097837892	11048.14091529522	0
1601	1354397.433822341	11047.16391461386	0
1602	1354397.432628638	11047.16355858211	0
1603	1354398.027262343	11043.7090399646	0
1604	1354397.995810613	11043.80370579621	0
1605	1354398.036602806	11043.68010808847	0
1606	1354398.027262343	11043.70903996366	0
1607	1354398.747445972	11042.07990204117	0
1608	1354398.613910293	11042.34590670677	0
1609	1354398.881195767	11041.813268908	0
1610	1354398.747445972	11042.07990204027	0
1611	1354400.668238368	11039.25108534995	0
1612	1354400.648451516	11039.28664893756	0
1613	1354402.111674476	11037.91854626222	0
1614	1354400.669109518	11039.24995557056	0
1615	1354402.11602419	11037.91035742738	0
1616	1354402.111741874	11037.91854950434	0
1617	1354404.624720791	11035.7774770979	0
1618	1354404.615374556	11035.79323612661	0
1619	1354405.508719775	11034.38185114667	0
1620	1354404.6250131	11035.7774680458	0
1621	1354405.500653955	11034.38980387009	0
1622	1354405.503647357	11034.3884946399	0
1623	1354407.55246081	11032.02803231801	0
1624	1354407.523642436	11032.02153709207	0
1625	1354408.797725686	11030.33363932469	0
1626	1354407.554549023	11032.02676125998	0
1627	1354408.802362859	11030.33461734032	0
1628	1354408.797634939	11030.33379477594	0
1629	1354410.734173958	11027.89934522926	0
1630	1354410.73467963	11027.89799540186	0
1631	1354411.714504634	11025.97452635645	0
1632	1354410.734091198	11027.89953713358	0
1633	1354411.689345829	11026.00745270467	0
1634	1354411.688132997	11026.0083105515	0
1635	1354412.693946013	11025.29841869486	0
1636	1354412.683952193	11025.32461555374	0
1637	1354412.910240335	11024.9815747561	0
1638	1354412.693361975	11025.2987056508	0
1639	1354412.805510233	11023.98145229987	0
1640	1354412.805597336	11023.98190460644	0
1641	1354413.107678733	11022.93360441089	0
1642	1354412.808672069	11023.97593675146	0
1643	1354413.116858876	11022.92323534133	0
1644	1354413.107561001	11022.93448800929	0
1645	1354413.719688178	11020.97657481447	0
1646	1354413.719699396	11020.97657545182	0
1647	1354414.04531674	11019.99803688852	0
1648	1354413.730976015	11020.96115726137	0
1649	1354414.045753307	11019.99762852425	0
1650	1354414.045831441	11019.99738140017	0
1651	1354414.238266591	11018.95227171112	0
1652	1354414.238356301	11018.9523605455	0
1653	1354414.570909487	11017.9569361302	0
1654	1354414.241277309	11018.94713287994	0
1655	1354414.576289752	11017.94562187762	0
1656	1354414.575462866	11017.94694034263	0
1657	1354415.696938791	11014.77512109247	0
1658	1354415.697028638	11014.77484548799	0
1659	1354415.735289047	11013.79317498602	0
1660	1354415.711278694	11014.44458899238	0
1661	1354417.676600856	11011.34443077687	0
1662	1354417.675558325	11011.34664735349	0
1663	1354418.167888279	11010.39606449206	0
1664	1354417.677569528	11011.35250148958	0
1665	1354418.168599495	11010.3966007772	0
1666	1354418.168557548	11010.39645744077	0
1667	1354420.237942457	11006.81347171805	0
1668	1354420.23711963	11006.81490367183	0
1669	1354421.07968141	11005.27700654692	0
1670	1354420.295349421	11006.7289883786	0
1671	1354421.072251996	11005.29798158999	0
1672	1354421.073246327	11005.29574830157	0
1673	1354422.552616057	11002.49177483273	0
1674	1354422.536724075	11002.53243733179	0
1675	1354422.570628394	11002.44777016751	0
1676	1354422.553447649	11002.48522135455	0
1677	1354422.628290397	11001.28208716776	0
1678	1354422.628014166	11001.28562049073	0
1679	1354422.872790375	11000.29277024155	0
1680	1354422.628290397	11001.28208716677	0
1681	1354422.876325909	11000.28631488248	0
1682	1354422.872741152	11000.29308955888	0
1683	1354424.845220555	10994.26960358986	0
1684	1354424.840018198	10994.30183030748	0
1685	1354424.848715994	10994.25716678629	0
1686	1354424.848560999	10994.25748352338	0
1687	1354424.927148123	10991.06466446599	0
1688	1354424.926625616	10991.06667904971	0
1689	1354424.974060572	10990.05634529396	0
1690	1354424.927148122	10991.06466446657	0
1691	1354424.976716224	10990.05060467621	0
1692	1354424.97653942	10990.05038656369	0
1693	1354425.186593961	10984.58946411486	0
1694	1354425.176750822	10984.67257486765	0
1695	1354425.197824609	10984.49745545575	0
1696	1354425.187421302	10984.58571966744	0
1697	1354426.722359151	10981.50794033036	0
1698	1354426.721501789	10981.50794156084	0
1699	1354428.189926838	10977.71647531715	0
1700	1354426.727357071	10981.5151430882	0
1701	1354428.202411464	10977.73412002224	0
1702	1354428.189839259	10977.71680525555	0
1703	1354428.521889829	10976.75183431311	0
1704	1354428.522235446	10976.75143764244	0
1705	1354429.0667025	10974.78559150466	0
1706	1354428.522347789	10976.75222842433	0
1707	1354429.071972773	10974.78717348104	0
1708	1354429.066940527	10974.78587805554	0
1709	1354430.192239056	10971.9608908447	0
1710	1354430.192315294	10971.96085232424	0
1711	1354430.363039711	10970.95642576195	0
1712	1354430.285713652	10971.98867752231	0
1713	1354430.365363471	10970.95846435436	0
1714	1354430.363039711	10970.95642576098	0
1715	1354431.451545195	10966.00264473585	0
1716	1354431.447437982	10966.00109194327	0
1717	1354431.92100461	10965.12616875471	0
1718	1354431.451590138	10966.00248971508	0
1719	1354431.922393933	10965.12663953403	0
1720	1354431.922024642	10965.12661700271	0
1721	1354498.342683386	10805.07664971847	0
1722	1354498.342617183	10805.07655723991	0
1723	1354498.326128624	10804.0786623744	0
1724	1354498.357162361	10805.07603470339	0
1725	1354498.367439517	10804.08193616142	0
1726	1354498.326129245	10804.07865638434	0
1727	1354498.387263091	10802.04382199941	0
1728	1354498.387213047	10802.0435898898	0
1729	1354498.11604382	10801.05771038168	0
1730	1354498.388099362	10802.043846797	0
1731	1354498.116087069	10801.05870834671	0
1732	1354498.116205019	10801.05773035222	0
1733	1354498.247984439	10796.99899271275	0
1734	1354498.247888324	10796.99904879586	0
1735	1354498.304688139	10795.99332866035	0
1736	1354498.24892121	10797.00055885183	0
1737	1354498.306540652	10795.99690249673	0
1738	1354498.303703124	10795.99306709861	0
1739	1354498.549034258	10787.88244784325	0
1740	1354498.543046674	10787.87638972408	0
1741	1354498.6731504	10785.86222136285	0
1742	1354498.549138295	10787.88244713395	0
1743	1354498.677463034	10785.86367739615	0
1744	1354498.674717961	10785.86167367475	0
1745	1354498.642556998	10784.8462445218	0
1746	1354498.64263302	10784.84593549821	0
1747	1354498.71795106	10783.82936482747	0
1748	1354498.643542088	10784.84600894196	0
1749	1354498.718305715	10783.82928920018	0
1750	1354498.718316901	10783.82921732878	0
1751	1354498.523129136	10781.79898099547	0
1752	1354498.522981159	10781.79847520799	0
1753	1354498.699557499	10780.79070179535	0
1754	1354498.522013833	10781.79629277155	0
1755	1354498.702543689	10780.7956765587	0
1756	1354498.70252285	10780.79537519191	0
1757	1354498.590919819	10777.70636043396	0
1758	1354498.590481545	10777.70620323683	0
1759	1354498.955973446	10776.73289718779	0
1760	1354498.591350846	10777.70658920126	0
1761	1354498.957683196	10776.73448551086	0
1762	1354498.955874504	10776.7326474421	0
1763	1354499.416417413	10775.82833707307	0
1764	1354499.414575307	10775.82701202417	0
1765	1354499.871089212	10773.81644422753	0
1766	1354499.416372815	10775.82855748078	0
1767	1354499.871112158	10773.81668655819	0
1768	1354499.871072006	10773.81662371449	0
1769	1354500.11365387	10772.80756622932	0
1770	1354500.113579779	10772.80699466027	0
1771	1354500.164353134	10771.79287459076	0
1772	1354500.115980175	10772.8094301282	0
1773	1354500.244848988	10771.8528631963	0
1774	1354500.164484673	10771.79259464614	0
1775	1354501.554242566	10764.46033308786	0
1776	1354501.588246848	10764.51460631318	0
1777	1354501.536697339	10764.42030883226	0
1778	1354501.536796676	10764.42116214549	0
1779	1354500.907308288	10760.16012875872	0
1780	1354500.907103517	10760.16061842835	0
1781	1354500.954116765	10758.49891142484	0
1782	1354500.907506635	10760.15659845305	0
1783	1354500.955784567	10758.52986610737	0
1784	1354500.954221411	10758.49825389536	0
1785	1354501.208506586	10754.91576800484	0
1786	1354501.207470388	10754.91766847909	0
1787	1354501.222252695	10754.85888921646	0
1788	1354501.222334587	10754.8595143924	0
1789	1354502.952015774	10749.2033885024	0
1790	1354502.952449947	10749.20147638782	0
1791	1354503.037901249	10748.9919721615	0
1792	1354503.037920166	10748.99191103302	0
1793	1354504.601503779	10746.88892696854	0
1794	1354504.601912931	10746.88957964978	0
1795	1354504.732177055	10746.60481113736	0
1796	1354504.733176606	10746.60276789602	0
1797	1354504.944172932	10745.45192262657	0
1798	1354504.932241454	10745.47100090189	0
1799	1354505.26625053	10744.54194691432	0
1800	1354504.944565381	10745.44989767898	0
1801	1354505.299918759	10744.51019573084	0
1802	1354505.29737606	10744.51500243589	0
1803	1354505.886183469	10743.33027343494	0
1804	1354505.434282671	10743.78223106544	0
1805	1354507.6613929	10741.87882823095	0
1806	1354505.894895186	10743.31377469346	0
1807	1354507.585433298	10741.9482831518	0
1808	1354507.632815695	10741.90419274814	0
1809	1354509.918302804	10736.68548972788	0
1810	1354509.920141088	10736.6847441161	0
1811	1354509.894740162	10736.61243308145	0
1812	1354509.886144754	10736.6455686151	0
1813	1354509.388247558	10735.64417079437	0
1814	1354509.388775821	10735.63907079921	0
1815	1354509.517181145	10734.59633912777	0
1816	1354509.387857556	10735.64516401871	0
1817	1354509.505522965	10734.62172305112	0
1818	1354509.505658212	10734.6214898965	0
1819	1354509.833079186	10733.60626888941	0
1820	1354509.832615926	10733.60618444928	0
1821	1354510.146742678	10732.64242540861	0
1822	1354509.83503602	10733.59897167152	0
1823	1354510.148148396	10732.63944061337	0
1824	1354510.146693333	10732.64290816481	0
1825	1354510.464155731	10730.4101145506	0
1826	1354510.463312681	10730.4109866656	0
1827	1354510.533287667	10730.26642358773	0
1828	1354510.534965254	10730.26308587954	0
1829	1354511.364302146	10728.09988251543	0
1830	1354511.364071392	10728.10130763437	0
1831	1354511.841179387	10727.17313477503	0
1832	1354511.362531594	10728.10553036256	0
1833	1354511.840789761	10727.17458642508	0
1834	1354511.841139165	10727.17329143104	0
1835	1354512.022107451	10726.12093509466	0
1836	1354512.022204718	10726.12070716726	0
1837	1354513.584655662	10724.07468349839	0
1838	1354512.006004041	10726.13938431314	0
1839	1354513.611254244	10724.03229106569	0
1840	1354513.587744979	10724.07118518737	0
1841	1354547.403157798	10680.43038037178	0
1842	1354547.402259081	10680.43141846276	0
1843	1354547.807140078	10679.51545337642	0
1844	1354547.403258635	10680.43024444137	0
1845	1354547.80986288	10679.51335470038	0
1846	1354547.807155156	10679.51544740349	0
1847	1364260.213138795	6640.886945204379	0
1848	1364260.167705479	6640.984427355379	0
1849	1364260.129183522	6640.678058661689	0
1850	1364260.129343699	6640.678114439537	0
1851	1364260.277537702	6640.98770070994	0
1852	1364260.212886491	6640.886940539895	0
1853	1384937.180196899	10715.60813930312	0
1854	1384937.182044976	10715.61055958161	0
1855	1384937.278638243	10715.66716427329	0
1856	1384937.276822982	10715.66594239705	0
1857	1415126.805624167	12755.39736578251	0
1858	1415126.783081765	12755.4696255374	0
1859	1415126.828730025	12755.32509475592	0
1860	1415126.805919886	12755.39737009321	0
1861	1425220.893822222	11246.78780877039	0
1862	1425220.887571454	11246.7870338741	0
1863	1425220.473263294	11246.73389249906	0
1864	1425220.746240797	11246.76875476664	0
1865	1430502.07453035	11340.51000202263	0
1866	1430502.074446	11340.51000580052	0
1867	1430502.225908864	11340.49816430036	0
1868	1430502.225901858	11340.49816437299	0
1869	1447214.040080591	8600.515913066252	0
1870	1447214.056741531	8600.532914867879	0
1871	1447213.900857965	8600.282458475816	0
1872	1447214.040173536	8600.515909028534	0
1873	1451879.482876276	10704.00654846448	0
1874	1451879.483617842	10704.00451721408	0
1875	1451879.507340229	10703.95818261875	0
1876	1451879.444503153	10704.05650815305	0
1877	1452983.344697907	10685.06156131233	0
1878	1452983.344745912	10685.06157865687	0
1879	1452983.224597349	10684.954109493	0
1880	1452983.224218604	10684.95411769279	0
1881	1459234.667248779	11552.04837067973	0
1882	1459234.662823516	11552.04675722945	0
1883	1459234.777118188	11552.08808122192	0
1884	1459234.779223034	11552.08885766105	0
1885	1460319.66033672	11886.31664758231	0
1886	1460319.662874138	11886.31484815767	0
1887	1460320.020829816	11886.03816451364	0
1888	1460320.023313783	11886.03642113741	0
1889	1460759.276997423	11912.26694421583	0
1890	1460759.306110087	11912.25864752481	0
1891	1460759.21838089	11912.28448192993	0
1892	1460759.272256265	11912.26838767877	0
1893	1463524.235960329	11179.1993390048	0
1894	1463524.236145659	11179.19927762783	0
1895	1463524.431799046	11179.17596236804	0
1896	1463524.431829256	11179.17592707847	0
1897	1468182.797980729	9688.007048476418	0
1898	1468182.557660724	9688.053668184779	0
1899	1468182.940108225	9687.979454438873	0
1900	1468182.942386013	9687.979010299561	0
1901	1529448.551500908	11889.70348706648	0
1902	1529448.619109393	11889.67471388079	0
1903	1529448.545495097	11889.70644454538	0
1904	1529448.549183549	11889.70600541186	0
1905	1538950.681810593	9876.486005918256	0
1906	1538950.681783396	9876.486272626302	0
1907	1538950.828950018	9875.586590738891	0
1908	1538950.682815826	9876.485743142952	0
1909	1538950.829193889	9875.587210711821	0
1910	1538950.829202556	9875.586971293031	0
1911	1540857.858904532	11051.6523149815	0
1912	1540857.858904531	11051.65231498157	0
1913	1540857.984534916	11051.74364337138	0
1914	1540857.986739523	11051.74516698591	0
1915	1556207.92994137	12914.57403687054	0
1916	1556207.934664944	12914.57460141286	0
1917	1556208.050926747	12914.58836731704	0
1918	1556208.053290929	12914.58864613817	0
1919	1573698.989026118	10377.51363880839	0
1920	1573698.981950982	10377.51400640335	0
1921	1573698.821109939	10377.52252883151	0
1922	1573698.823651396	10377.52240794685	0
1923	1612513.062427589	10840.05771871611	0
1924	1612513.062427265	10840.0577187129	0
1925	1612513.014148313	10840.09558909688	0
1926	1612513.014151351	10840.09558913609	0
1927	1626333.205288539	13592.60234802931	0
1928	1626333.205418076	13592.60235579587	0
1929	1626333.383877883	13592.5788946862	0
1930	1626333.38415289	13592.57890521927	0
1931	1639844.334913214	10378.09589566186	0
1932	1639844.335190324	10378.09606361752	0
1933	1639843.581804323	10377.64568526425	0
1934	1639843.581714295	10377.64568554117	0
1935	1640786.153152481	10080.53524229771	0
1936	1640786.153153875	10080.53524095987	0
1937	1640785.176894009	10080.73198985129	0
1938	1640786.153173655	10080.53522243735	0
1939	1640785.176959743	10080.73201057572	0
1940	1640785.176954192	10080.73199222581	0
1941	1643139.684638777	10712.96691709122	0
1942	1643139.660750381	10712.99420787409	0
1943	1643139.708858516	10712.93950312904	0
1944	1643139.712181986	10712.9357119451	0
1945	1665405.661988044	10607.20047583856	0
1946	1665405.661952329	10607.20047537351	0
1947	1665405.638043839	10607.223335408	0
1948	1665405.63804384	10607.22333540731	0
1949	1682091.272499544	11670.24534018513	0
1950	1682091.273138569	11670.24607566315	0
1951	1682091.692745354	11670.73438401038	0
1952	1682091.692059892	11670.73365225543	0
1953	1704052.759543122	11612.16905166203	0
1954	1704052.759558224	11612.1690351774	0
1955	1704051.924639852	11611.62200261525	0
1956	1704052.759649321	11612.1690290179	0
1957	1704051.925179335	11611.62201349631	0
1958	1704051.925145253	11611.6220307766	0
1959	1704715.474424341	11063.43976604154	0
1960	1704715.467501852	11063.4215552767	0
1961	1704715.486076688	11063.47043825961	0
1962	1704715.477244925	11063.44728897526	0
1963	1713954.96298262	10575.04052522532	0
1964	1713954.96233733	10575.0405647744	0
1965	1713954.122795638	10574.50113037171	0
1966	1713954.96297103	10575.04052281957	0
1967	1713954.122739119	10574.50113839043	0
1968	1713954.122779963	10574.50113621024	0
1969	1721322.52473334	8524.229842142842	0
